username,userid,profile_location,created_at,text,retweet_count,source,coordinates
AVFC Lions Chicago,33111967,"Chicago, IL",2023-01-23 04:07:03,"Are you traveling from Chicago to Seattle for the 9th Annual North America meet up starting May 12? If so, what dat‚Ä¶ https://t.co/0ixrulf0Et",0,Twitter for Android,
Super 70s Sports,2259809232,"Chicago, IL",2023-01-23 03:11:40,The first indication George Brett was going a little too heavy on the pine tar came when Morganna the Kissing Bandi‚Ä¶ https://t.co/eFQwe9l6SV,22,Twitter for iPhone,
Rudy - ü¶å,1088503617533956096,"Chicago, IL",2023-01-23 00:29:17,Turns out even the scheme can‚Äôt help brock purdy against a real defense that isn‚Äôt the Seattle Seahawks.,0,Twitter for iPhone,
MicKlachko,1602384922244677636,East of Chicago,2023-01-23 00:25:04,"@Sportz_DC Absolutely! But no more defense contracts, and no more federal earthquake insurance. And the rest of the‚Ä¶ https://t.co/G7U6TGtSbM",0,Twitter for iPhone,
D-Man the Big Dogg,3303693103,"Chicago, IL",2023-01-22 23:49:56,"#WhiteSox First 10 Cactus League Games ‚öæÔ∏èüåµüß¶

‚Ä¢ San Diego - 2/25
‚Ä¢ @. LA Angels - 2/26
‚Ä¢ Seattle - 2/27
‚Ä¢ @. Arizona‚Ä¶ https://t.co/eSi1BSv1O7",1,Twitter for iPhone,
D-Man the Big Dogg,3303693103,"Chicago, IL",2023-01-22 23:49:55,"#Cubs First 10 Cactus League Games ‚öæÔ∏èüêªüåµ

‚Ä¢ San Francisco - 2/25
‚Ä¢ @. LA Dodgers - 2/26
‚Ä¢ Cleveland - 2/27 (SS)
‚Ä¢ @.‚Ä¶ https://t.co/yodNN9opQs",1,Twitter for iPhone,
c‚Ñìarisse basco üåô,72175968,"Chicago, IL",2023-01-22 23:23:31,sunday seattle markets are a vibe ‚ú®,0,Twitter for iPhone,
SABR BioProject,2153870472,"Chicago, IL",2023-01-22 21:56:19,Tommy Davis led the #Seattle Pilots w 80 RBIs and 29 2Bs in 1969. With the @Dodgers he led NL in BA in '62 &amp; '63 &amp;‚Ä¶ https://t.co/KPc2GEWAuA,8,Twitter for iPhone,
BICYCLE MENACE,1019116318782566401,"Chicago, IL",2023-01-22 21:16:08,@Kuuix @EdithPaulos so funny to me that they had to find a picture of Seattle at the one specific angle that didn‚Äôt‚Ä¶ https://t.co/mPMOR1z3qG,0,Twitter for iPhone,
BICYCLE MENACE,1019116318782566401,"Chicago, IL",2023-01-22 21:02:09,@EdithPaulos lmao the Seattle skyline does not look the same as London‚Äôs whatsoever,0,Twitter for iPhone,
D QUINN,26783527,"Naperville, IL",2023-01-22 21:00:00,"@HoopsWeiss Seattle made it in 1958, led by this guy: https://t.co/nVcvxUHfeN",0,Twitter Web App,
Age of Dalequarius ‚ôíÔ∏è,303355373,"Chicago, IL",2023-01-22 20:34:47,@DosCanSox @JayCuda That‚Äôs why I‚Äôm glad they‚Äôre doing Seattle for the next one,0,Twitter for iPhone,
Alexis üè≥Ô∏è‚Äç‚ößÔ∏è (Pelletier SZN üî•),1556425584007421953,"Chicago, IL",2023-01-22 19:54:13,Seattle Kraken: üíÅüèæ‚Äç‚ôÄÔ∏è https://t.co/Fkvpk8eAHH,0,Twitter for iPhone,
Tahir Hashmi,503733777,"Chicago, IL",2023-01-22 19:33:22,@Peter_Bukowski That 2014 collapse in Seattle was the turning point for this organization,0,Twitter for iPhone,
UpToHear,1542129816924733440,Chicago,2023-01-22 19:23:23,"Seattle-based Smokey Brights bring us their new single, ‚ÄúBroken Too‚Äù https://t.co/zS71dJTClb https://t.co/nfRbWwFnT5",2,Twitter Web App,
Unknown,2994538900,United States,2023-01-22 18:14:52,"@AZ_Brittney What about Atlanta, Kenosha, Minneapolis, Seattle, Portland, and other democratic shit holes?",0,Twitter for iPhone,
Chicago Sun-Times,12811952,"Chicago, IL",2023-01-22 17:01:49,Which NHL arenas have the best ice? The Blackhawks offer their opinions https://t.co/n3nqxL29jB,0,SocialFlow,
Ben Pope,3873832839,"Chicago, IL",2023-01-22 15:56:50,"What qualities make the best ice?

Which NHL arenas have the best ice ‚Äî and the worst?

I asked around the Blackhaw‚Ä¶ https://t.co/zHvK0UpPC5",3,TweetDeck,
Lance Breitstein,1471484925446696970,Chicago,2023-01-22 15:15:31,"@DekmarTrades My baby, ‚ÄúBeast‚Äù, during a Pacific Coast Highway road trip back in 2021. 

Big Sur up to Seattle. One‚Ä¶ https://t.co/3KWlCzfGys",0,Twitter Web App,
National Private Lending,1449082878139191301,Chicago IL,2023-01-22 14:44:23,Purchase or refinance a single rental property with National Private Lending Rental Property Loan‚Ä¶ https://t.co/S0AsCcbCQG,0,IFTTT,
Terrible Bettor,1466249674520727553,"Chicago, IL",2023-01-22 13:34:43,@SharksNSports88 Purdy had 9 turnover worthy plays against Seattle according to PFF. He‚Äôs about to regress hard,0,Twitter Web App,
Robert Steadman-Hill,20273137,Lincolnshire,2023-01-22 12:13:44,"21st January 2023: -5, ‚ÄòA Man called Ove‚Äô, ‚ÄòWednesday‚Äô, ‚ÄòSleepless in Seattle‚Äô https://t.co/o3WevOZ3J0",0,Jetpack.com,
Cosmic Brownie in the Back of a Honda Civic,633368940,"Chicago, IL",2023-01-22 06:58:02,"1. Phoenix, AZ
2. Seattle, WA
3. Portland, OR
4. Frisco 
5. Any capital city in Scandinavia
6. Bremen, DE
7. Brusse‚Ä¶ https://t.co/gT3RT23Z36",0,Twitter Web App,
Northside Southsiderüá∫üá≤üáÆüá± üáÆüá™,1066531937433673729,"Chicago, IL",2023-01-22 06:28:05,Where has the sunshine gone? Chicago has turned into Seattle/London. A dreary place made even worse.,0,Twitter for Android,
System Sports,701536723583369221,"Chicago, Illinois",2023-01-22 05:53:37,Seattle Kraken Moneyline -115 [1]‚ùå https://t.co/iVmqIT4hXU,0,Twitter for iPhone,
Tom Burke,4910413589,Chicago,2023-01-22 04:21:52,"Tom Burke leads ‚ÄúFree Alex Saab!‚Äùchants at FRSO Program event, Seattle, Washington. ‚Å¶@freedomroadorg‚Å© ‚Å¶‚Ä¶ https://t.co/HqrMEBwhaa",132,Twitter for iPhone,
Alexis üè≥Ô∏è‚Äç‚ößÔ∏è (Pelletier SZN üî•),1556425584007421953,"Chicago, IL",2023-01-22 04:20:33,@CGYFireBird It‚Äôs possible. That goaltending is atrocious. Seattle isn‚Äôt slowing down and Edmonton has gotten better,0,Twitter for iPhone,
Caroline,1175910290212478977,"Chicago, IL",2023-01-22 04:17:59,"@FPL_Eric I‚Äôm a Seahawks 12 - family visiting from Seattle in 1985 bought my Dad a Kenny Easley jersey. So, I adopt‚Ä¶ https://t.co/6Cj72PcbVK",0,Twitter for iPhone,
Edgar,618804701,Chicago IL,2023-01-22 04:04:49,"Though if I was into hockey, the team Id root for is either Chicago, Seattle, or St Louis - I still havent decided",0,Twitter Web App,
Brian Tyrone Graham,400069026,"Chicago, Illinois USA",2023-01-22 04:00:59,If life does not make sense just be the way I am not in Seattle either. Everything is sooooo boring. https://t.co/AxWYmcV5hq,0,Twitter Web App,
Michael Ben,1561889673718513665,"Alsip, IL",2023-01-22 03:43:12,"@Jimetal Here's what you've been waiting for, Jesus was not from Seattle.

#Bible #JesusChrist",0,Twitter for Android,
Maggs Konerko,1519653543405363202,"Chicago, IL",2023-01-22 02:16:10,@ledzep33 @LastComiskey I gotta disagree with u on that one. Saved the Sox from moving to Seattle and Denver. Was t‚Ä¶ https://t.co/y7y9BI1lKH,1,Twitter for Android,
"Changed My Name To ‚ÄúWe were right all along""",1105261886331932673,Chicago,2023-01-22 02:02:59,"@TamerLikeHammer @CTULocal1 Can you share one example of ""CPD torture"", Seattle dweller that doesn't have a grasp on proper grammar?",0,Twitter Web App,
B¬≤,718748041,"Chicago, IL",2023-01-22 01:10:37,@JamesPalmerTV Happy for this guy. A guy who was traded by Seattle now enjoying his chickens in Kc,0,Twitter for iPhone,
Ashes Wolf,932415073385099266,"Chicago, IL",2023-01-22 01:05:00,"I'm going to Seattle next month, any friends out there want to meet up? I'm trying to make a plan before I book my flight.",0,Twitter Web App,
Alex,16867288,"Chicago, IL",2023-01-22 00:56:41,"when i saw this piece, i immediately recognized it as a Dale Chihuly work and went on a whole lecture about how he‚Äô‚Ä¶ https://t.co/PS0nul9Ocn",1,Twitter for iPhone,
Kevin Sweeney,4903368970,"Chicago, IL",2023-01-22 00:52:39,"Seattle U just ran away from Southern Utah and is now 7-0 in the WAC. 

Coach Chris Victor has done an unreal job:‚Ä¶ https://t.co/zY5CPfZq3z",5,Twitter for iPhone,
Spreet,1439485562,Chicago,2023-01-22 00:30:11,@JIDsv SEATTLE ABOUT TO BE LIT ü§©üî• https://t.co/A3YE2V3qx9,0,Twitter for Android,
Spreet,1439485562,Chicago,2023-01-22 00:02:50,@WynStarks they playing you at the Pop Culture museum in Seattle üî• https://t.co/dQv3uaoUJR,0,Twitter for Android,
coffeegirl_75,103080607,,2023-01-21 23:23:01,"I love coffee but also really enjoy exploring librarys with funky architecture - anyone else?!?  Vancouver,  Seattl‚Ä¶ https://t.co/2j0nWLKg9H",0,Twitter for iPhone,
Jared Michael,372546564,"Chicago, IL",2023-01-21 23:06:29,@nut_history The man‚Äôs a legend. He drank 50 beers on a cross-country flight and then absolutely destroyed the Seat‚Ä¶ https://t.co/bT38KnrO6O,0,Twitter for iPhone,
K.S. Teknon,1042424750771978240,"Chicago, IL",2023-01-21 21:15:46,"Me, walking home from work in downtown Seattle, age 18, lighting up one of these suckers and thinking I'm Siouxie S‚Ä¶ https://t.co/RMfA170Ktb",0,Twitter Web App,
The Sky Show CHI,867056578113024000,"Chicago, IL",2023-01-21 20:57:50,"Did anyone else post the Stewie IG posts from the very early start of #wnbafreeagencyüëÄüëÄ

Emojis only, a #WNBAxPuma‚Ä¶ https://t.co/cuB2hqKrGF",0,Twitter for iPhone,
BICYCLE MENACE,1019116318782566401,"Chicago, IL",2023-01-21 20:54:04,"@seattlehusky93 how could i give any score but a 6.9/10 to the city with the S.L.U.T.? 
Seattle‚Äôs really cool, GORG‚Ä¶ https://t.co/8MgO5MFZYg",0,Twitter for iPhone,
Bill Enck,785865217431318528,"Naperville, IL",2023-01-21 20:13:00,"Seattle Mariners 
Twins Enterprise Bobbling Head Doll
$15.00 dlvd https://t.co/H8V1RfgmQ3",1,Twitter for iPhone,
Jaded,1264463261707223046,"Chicago, IL",2023-01-21 18:59:44,@nathaliejacoby1 SeattleüåßÔ∏è,0,Twitter for iPhone,
ùìúùìº. ùìöùì™ùìΩùì≤ùìÆ,32882761,"Chicago, IL",2023-01-21 18:23:55,"@JMiracl75258366 SAlt literally did this to my union in Chicago, just as they did this to Starbucks organizing, and‚Ä¶ https://t.co/qF4pHQyEgQ",0,Twitter for Android,
tippet523,29628143,"Winnetka, IL",2023-01-21 18:07:06,@GBraggsJr23 Who has had more painful ends to the year.  My Boilers or My packers.  Seattle and Virginia games were the worst,0,Twitter for iPhone,
Scott,828271606472572931,"Oswego, IL",2023-01-21 17:40:30,Just saw a guy at the gym full head to toe in Sonics gear. 10 minute convo about DJ and Gus vs Westphal and Sobers. Seattle needs a Team,0,Twitter for iPhone,
NoOneButMe,1583248053187788808,"Chicago, IL",2023-01-21 17:39:36,"@fordhoIden Pretty Woman, Sleepless in Seattle, and While You Were Sleeping. Why is this even a question?",0,Twitter for Android,
David Braverman,453208373,Chicago,2023-01-21 17:08:52,"@JayCuda Great chart, but it doesn't tell the whole story. For example, both Chicago teams, both New York teams, Bo‚Ä¶ https://t.co/qXXgtyAJ3Y",0,Twitter Web App,
DabCache,1290775841564229638,"Chicago, IL",2023-01-21 16:57:13,Yup! Is Seattle finished? Crime-ridden woke city's dying downtown loses flagship Nike store and multiplex cinema -‚Ä¶ https://t.co/Bbrbs3cq2e,0,Twitter for iPhone,
Tracey Ryniec,162060435,"Chicago, IL",2023-01-21 16:56:36,"@AndyFanter @EricFinnigan If you are laid off, not nearly the community of Austin, Chicago, Seattle, Bay Area. BUT,‚Ä¶ https://t.co/GlySwYzHRw",0,Twitter for Android,
ùìúùìº. ùìöùì™ùìΩùì≤ùìÆ,32882761,"Chicago, IL",2023-01-21 16:12:39,"Honestly, I'm glad. Socialist Alternative are parasites. They claim the hard work of others (like unions doing the‚Ä¶ https://t.co/bscg5F7cFR",0,Twitter for Android,
Ramblin Grimace,2474388457,"Chicago, IL",2023-01-21 15:31:47,Who wants to go to Seattle to see a Stanley Cup game this summer? https://t.co/xl7umjf2ZW,0,Twitter for Android,
Peter Iannone,129874041,"Chicago, IL",2023-01-21 15:26:03,@Thomas_Carrieri The Patriots SB win over Seattle with Malcolm Butler's goal line interception.  I wide swing of emotions in an instant.,0,Twitter Web App,
David Calvillo,55677407,"Chicago, IL",2023-01-21 15:10:29,Flight to Seattle in 24hrs. Time to plan out how to pack my bag for a whole week‚Äôs worth of corporate AV work,0,Twitter for iPhone,
National Private Lending,1449082878139191301,Chicago IL,2023-01-21 14:44:28,Purchase or refinance a single rental property with National Private Lending Rental Property Loan‚Ä¶ https://t.co/VzMv076PPb,0,IFTTT,
mara ‚ö°Ô∏è,1085289117380952064,"Chicago, IL",2023-01-21 14:37:48,Happy one year anniversary to this! The trip I took to Seattle was one of the highlights of 2022. Thanks to‚Ä¶ https://t.co/5otkRPfxYP,1,Twitter for iPhone,
chuck swirsky,21112249,Chicago,2023-01-21 14:08:05,The first sportscaster who influenced me as a kid growing up in Seattle - Bill Schonely has passed away . He was TH‚Ä¶ https://t.co/8lFknzdAxT,6,Twitter for iPhone,
Chirag Mehta (he/him),562247987,"Chicago,IL",2023-01-21 13:45:24,"@stephsterlingdc Walsh in Boston, Murray in Seattle, DeBlasio in NYC, Hodges in Mpls, among others were going to le‚Ä¶ https://t.co/1O7SWlK379",0,Twitter for iPhone,
Titus Pullo,1858647584,"Chicago, IL",2023-01-21 11:29:07,@FredipusRex Ha not worried about never getting in again (always been busy) or anything like that. If anything it‚Äôs‚Ä¶ https://t.co/75dnZPHGdv,0,Twitter for iPhone,
Steve Nanai,180211464,"Chicago, IL",2023-01-21 11:07:32,"Amazon, Microsoft job cuts deal another blow to ailing Seattle | The Spokesman-Review https://t.co/TbPbvgU8O5",0,dlvr.it,
bearylicous,30143104,"Chicago, IL",2023-01-21 07:30:48,@DereckHarmon It‚Äôs the worst üò© I went to PTown for Bearweek on my very first vacation in over a decade and it was m‚Ä¶ https://t.co/b2E619xULH,0,Twitter for iPhone,
Devin | TheVVitch1202,878702682302754817,"Chicago, IL",2023-01-21 07:15:57,@fvkillers Will we be getting US dates someday in the future? I‚Äôd kill for a Chicago show ‚Äî or even a Seattle one s‚Ä¶ https://t.co/UqgxtTZjv3,0,Twitter for iPhone,
katie,3161438316,chicago,2023-01-21 05:36:39,"@theyarenotaboy2 Return to me, moonstruck, sleepless in Seattle",0,Twitter for iPhone,
Jeremy Rosen,19953410,"Highland Park, IL",2023-01-21 05:18:54,@CajunSunsets @NotionsOfJacob What?  It was in Seattle!,0,Twitter for iPhone,
Jen Doe,618476846,Chicago,2023-01-21 03:41:09,‚ú® Quantum Physics üòµ‚Äçüí´üôÇüôÉ‚ú® #tattoo #oldtowntatu #chicago #illinois #seattle #texas #dallas #denver #newyork‚Ä¶ https://t.co/XOGKCvBshu,1,Twitter for iPhone,
jo,1394105209564143616,"Chicago, IL",2023-01-21 03:35:29,"My best friend‚Äôs wedding, sleepless in Seattle, moonstruck. https://t.co/ObNZnFCXR6",0,Twitter for iPhone,
Sherron Shabazz,18555946,Chicago,2023-01-21 01:18:43,"@dseals maybe if seattle comes to town lol who knows, man. sky free agency stresses me out every year. it could all‚Ä¶ https://t.co/s4e8RHlzEo",0,Twitter Web App,
Belly Tripucka,1270437676529995781,Chicago,2023-01-21 00:29:29,Legitimately funny to live in Seattle and think this will ‚Äúpiece the city back together‚Äù lmao https://t.co/GVOFpklkpr,0,Twitter for iPhone,
Jeffery üáßüáø,1228729012320645122,"Chicago, IL",2023-01-20 23:36:44,@CreativeCoco24 @faysmuazu @TheLastofUsNews Thank you! Yeah I think this way works best because unlike the game you‚Ä¶ https://t.co/kmfSvamLP1,0,Twitter for iPhone,
Smoked Turkey Cheeks,1455449520,"Chicago, IL",2023-01-20 23:06:32,The Seattle Supersonics have been to the playoffs more recently than the Sacramento Kings they didn't expect shit o‚Ä¶ https://t.co/ZvFSRgzaIv,1,Twitter for Android,
Lenny Linas Leseckas,1599735947213545472,"Palos Hills, IL",2023-01-20 22:52:52,@thecheckdown @CBSSports @will_levis @SECNetwork Do the Bears trade down to 4 with Colts or 5 and 20 with Seattle?‚Ä¶ https://t.co/7mZCSQTMwb,0,Twitter for iPad,
Seeb.,1004614763404513280,"Chicago, IL",2023-01-20 22:48:06,seattle surge is DONE oh my,0,Twitter for iPhone,
Northwestern MA in Writing/MFA in Prose & Poetry,284197747,"Chicago/Evanston, IL",2023-01-20 22:45:44,"Join us at @awpwriter in Seattle on 3/9 for a reading at Locust Cider, 500 Terry Ave, 5 PM - free &amp; refreshments in‚Ä¶ https://t.co/OoXIz80WFz",4,Twitter Web App,
Fee the Buddhist Prodigy,1436469880589586440,"Chicago, IL",2023-01-20 22:44:52,@hoodsies I‚Äôm going on Monday night only. Then gotta bop back to Seattle for work.,0,Twitter for iPhone,
Sherron Shabazz,18555946,Chicago,2023-01-20 21:56:09,"@accxrdingtochar What I'm hoping. I feel like MN and Seattle are the only teams that can pull off pairing them up,‚Ä¶ https://t.co/ScSKBpJyHU",0,Twitter for iPhone,
elizabeth,1481306731426762754,"Chicago, IL",2023-01-20 21:41:40,Alright #BillsMafia out in Seattle land.. I‚Äôll be at @ArtMarble21 on Sunday.. any of y‚Äôall in the area?,0,Twitter for iPhone,
Emiliano Aguilar Jr,1225500520758104067,"Whiting, IN",2023-01-20 21:35:07,"Join us in two weeks via Zoom for the first Newberry Borderlands and Latina/o Studies Seminar of 2023! 

Ft. work f‚Ä¶ https://t.co/DWNHdiZKov",4,Twitter Web App,
Sarah Spain,18494981,Sweet Home Chicago,2023-01-20 21:30:50,In Seattle I‚Äôd feel like a lone wolf without Sue Bird but I‚Äôd be part of a Supreme Court* of ballers in New York?‚Ä¶ https://t.co/ohEtHnEbsP,0,Twitter for iPhone,
stelio kontos,1377537600773369856,chicago,2023-01-20 21:23:06,why did they always work on each other? was that not a conflict of interest and also too as well were there no othe‚Ä¶ https://t.co/gyN6cfW7SY,0,Twitter for iPhone,
HollandofChicago,32174646,Chicago,2023-01-20 21:14:09,I am thinking Portland for @ViolaPlease and @NatashaStrange and their lovely party and then hitting Seattle in the‚Ä¶ https://t.co/sXDVwNtd7L,1,Twitter Web App,
joSe,1492229554064314370,"Chicago, IL",2023-01-20 20:41:05,"@indiebuchona the yt hegemony in seattle is fuckin‚Äô bananas 

all the people I know that moved there end up in grou‚Ä¶ https://t.co/m5a8cnU9WD",0,Twitter for iPhone,
Alex Han,310532416,"Chicago, IL",2023-01-20 20:40:14,@nackoball I have a distinct memory of being in Seattle several years ago and the huge front page and evening news-‚Ä¶ https://t.co/Lr3eWBSxaB,0,Twitter for Android,
Dan O'Shea,78721614,Chicago,2023-01-20 20:33:15,More details from @IonQ_Inc about its new manufacturing plant in the Seattle area... @InQuantumTech https://t.co/0nTcnNhV3H,2,Twitter Web App,
The Sky Show CHI,867056578113024000,"Chicago, IL",2023-01-20 20:17:38,"Seattle, Minnesota, Washington, New York #wnbafreeagency https://t.co/kQSmlIDKr6 https://t.co/nSKHOBLHKe",0,Twitter for iPhone,
Sherron Shabazz,18555946,Chicago,2023-01-20 20:08:35,"Seattle
Dallas
DC
NY

????? https://t.co/fQFarRQ8bA",0,Twitter for iPhone,
Tom Burke,4910413589,Chicago,2023-01-20 19:51:05,Tom Burke visiting ‚Å¶@SeattleAarpr‚Å© Garfield Community Center Seattle with ‚Å¶@freedomroadorg‚Å© ‚Å¶@FreeAlexSaabOrg‚Å© ‚Å¶‚Ä¶ https://t.co/O32H4dI928,26,Twitter for iPhone,
rahim,2205329413,"Chicago, IL",2023-01-20 19:17:40,@Shotzzy Need 25+ kills first map against Seattle,0,Twitter for iPhone,
Allowishes üìà,2149815361,Chicago,2023-01-20 19:14:06,"@MoveTheSticks Seattle, Detroit, and Vegas pass on Stroud? Interesting.",0,Twitter for Android,
Adam E Ross (Checkmark),1465790238,New York | Chicago,2023-01-20 18:51:06,If Kshama Sawant‚Äôs move to launch a national workers strike back movement and vacating the Seattle City Council are‚Ä¶ https://t.co/tb3IPxrWjv,0,Twitter for iPhone,
Language Loop,204564086,Chicago,2023-01-20 18:00:32,"Today is National Cheese Lovers Day! We're celebrating with this unique French class. 

More info:‚Ä¶ https://t.co/sdzV95Spzn",0,Twitter Web App,
31st Century LSH Dude,1278071227157004292,"Chicago, IL",2023-01-20 17:12:43,IMMEDIATE RESIGNATIONS ASKED BY WE THE PEOPLE: For Subverting  The Constitution For The United States Of America -‚Ä¶ https://t.co/Y4zKFXxEiR,0,Twitter for Android,
Adam Haberman,4821979990,"Chicago, IL",2023-01-20 16:52:21,@ProducerDrew_ Vegas has dominated the division since they were founded. 2nd year Seattle now in first place. And t‚Ä¶ https://t.co/a5HRGll7LY,0,Twitter Web App,
Zenah Khawaja,79899568,Chicago,2023-01-20 16:14:29,"@consentuality @steviemctweets There a quite a few examples. None of the affinity programs for women, black or lati‚Ä¶ https://t.co/Jnwz1uoYUK",0,Twitter Web App,
CORFAC International,154186838,"Des Plaines, IL",2023-01-20 16:04:10,"#FlashbackFriday to the Seattle Fall Summit where members Jeff Pollock, Mason Capitani, David Boyd and Paul Fogel c‚Ä¶ https://t.co/crGXKHVaoX",0,Hootsuite Inc.,
Violet Fox,361982257,Chicago,2023-01-20 15:34:49,"New #Wikipedia article for Gregory Blackstock, a Seattle artist who died earlier this month. Regarded as an‚Ä¶ https://t.co/V5Hs1hh8H0",3,Twitter for Android,
Jeffery üáßüáø,1228729012320645122,"Chicago, IL",2023-01-20 15:28:04,"@n0r1S_b @faysmuazu @TheLastofUsNews That was my first idea, have it happen at the end of the season. So they leave‚Ä¶ https://t.co/rHYMIUyxOB",0,Twitter for iPhone,
Martha Bayne,54998265,Chicago,2023-01-20 15:23:41,"It's official, I'm going to Seattle for #AWP this year. The Venn diagram of AWP  &amp; @IllinoisPress is narrow but pot‚Ä¶ https://t.co/vZoEqN1rFW",4,Twitter Web App,
National Private Lending,1449082878139191301,Chicago IL,2023-01-20 14:44:11,Purchase or refinance a single rental property with National Private Lending Rental Property Loan‚Ä¶ https://t.co/jNjaoJ8RQm,0,IFTTT,
too optimistic,894931909716975616,"Chicago, IL",2023-01-20 14:29:35,@jphilinTX @MVPdak4 Geno had them and Seattle fell apart after the fumble,0,Twitter for iPhone,
Seth A. Gonzalez,287669161,"Chicago, IL",2023-01-20 14:14:38,"@MeepleKonrad @rf_seattle @FlatoutGames @alderac Oh sh**! Let me guess, you started a campfire near your gaming tab‚Ä¶ https://t.co/FZ7PWoCFJN",0,Twitter Web App,
üî≠‚ú®Astrology for Spiritual Astronauts ‚ú®üöÄ,1526401035102822400,"Chicago, Illinois, USA",2023-01-20 13:56:01,"The hits keep on comin. 
I am once again asking for the internet to remember Seattle Councilwoman Kshama Sawant is‚Ä¶ https://t.co/br73AfaBC8",0,Twitter Web App,
Ben White Fan Club President,760063249,"Chicago, IL",2023-01-20 13:47:56,@BravesSwearJar_ We‚Äôll take Juicy in Seattle please,0,Twitter for iPhone,
Steven Briggs,471633199,"Chicago, IL",2023-01-20 04:25:31,"@AkinolaGG Have we? When I was in downtown Seattle by Pike‚Äôs Market in November that‚Äôs exactly what happened to me,‚Ä¶ https://t.co/3aK7pcMLRL",0,Twitter for iPhone,
The Sky Show CHI,867056578113024000,"Chicago, IL",2023-01-20 01:40:22,We all should‚Äôve known that this was how it was going to go down after Stef Dolson picked New York over Seattle las‚Ä¶ https://t.co/DroVHMTCZz,0,Twitter for iPhone,
Jack Vita,274672908,Chicago,2023-01-19 23:46:28,"The Seattle Mariners have signed infielder Tommy La Stella to the league minimum, after the San Francisco Giants de‚Ä¶ https://t.co/uanGhJFnD7",0,Twitter Web App,
Toronto Bonner,1730049950,"Chicago, IL",2023-01-19 23:43:43,"https://t.co/P589vqDgXg

The Seattle Sounders have signed forward Jordan Morris and midfielder Cristian Roldan to f‚Ä¶ https://t.co/dOIo452vh5",0,Twitter for Android,
Fortress Solitude Level,1437937621490143234,"Chicago, IL",2023-01-19 22:41:34,"@Super70sSports In the 70‚Äôs, they made the Seattle expansion team cool whereas expansion team Tampa Bay just wallowed in suckness.",0,Twitter for iPhone,
THRIVE Center,432655112,"Chicago, IL",2023-01-19 22:21:06,"When I was getting ready to graduate from undergrad, I had no clue what I wanted to do ‚Äì I wasn't even job hunting‚Ä¶ https://t.co/8MDfVocJ7R",0,Twitter Web App,
GabeForFive.com,1550817996666535936,"Chicago, IL",2023-01-19 21:22:47,@BardBorker You're in Seattle? You have 7 followers?,0,Twitter for Android,
UChiPhysicalSciences,2932236063,"Chicago, Illinois",2023-01-19 20:42:52,Asst. Prof. Pedro Lopes @UChicagoCS shared the latest from the Human Computer Integration Lab in Seattle. https://t.co/uDDtDSIH4l,1,Twitter Web App,
Chicago Socialist Alternative,2572452355,"Chicago, Il",2023-01-19 18:48:17,Huge news out of Seattle! https://t.co/K7UiZj9bon,0,Twitter Web App,
Language Loop,204564086,Chicago,2023-01-19 18:00:00,"Need Ukrainian for your job, want to communicate with a Ukrainian friend, or simply curious about the language? Enr‚Ä¶ https://t.co/Sl8YqVz93W",0,Twitter Web App,
kevo,1438196604033449984,"Chicago, IL",2023-01-19 17:51:05,Seattle says no lmfao https://t.co/oQPZQSj9Fr,0,Twitter for iPhone,
Matt Wedge,584206382,Chicago,2023-01-19 17:46:58,@phantasm2 I still despise 311 and Bush. All I ever heard out of The Toadies was that Possum Kingdom single. Learne‚Ä¶ https://t.co/rjf805oSwZ,0,Twitter Web App,
Trying to outlast Hellion Husk's crap. üá∫üá∏üá∫üá¶üåª,15726227,Chicago,2023-01-19 17:42:21,"Also ...
H/T @ChiPublicSquare 
https://t.co/Bj07CkSDpq",0,Twitter Web App,
Patrick,49503473,"Chicago, IL",2023-01-19 15:54:47,@anderson_corri @grantcohn Do you think Seattle should trade up to the Bears pick to get the Alabama QB?,0,Twitter Web App,
National Private Lending,1449082878139191301,Chicago IL,2023-01-19 14:44:22,Purchase or refinance a single rental property with National Private Lending Rental Property Loan‚Ä¶ https://t.co/7U5IB6umCD,0,IFTTT,
frijoLiz,1315326801103785984,"Chicago, IL",2023-01-19 13:24:13,Seattle was probably one of the cities with most burning cop car requests so here it is! üî• https://t.co/6qosHkuPNo,27,Twitter for iPhone,
Chalkbeat Chicago,951569031500312578,"Chicago, IL",2023-01-19 05:15:19,"As school districts sue social media companies, experts are divided on what comes next https://t.co/GCvlAKxMKv",1,Echobox,
Dorian,3258460953,"Chicago, IL",2023-01-19 04:28:28,I'm not gonna be able to explain this one but the ppl of Seattle walk around you -- they don't walk past you,0,Twitter for Android,
Alex Severino,1397461326,Chicago,2023-01-19 03:58:47,"@icameonmybike I saw a boat, on a boat once in Seattle. I was bemused",0,Twitter for iPhone,
RailfannerGuy13,1295839853515608065,Chicago Illinois,2023-01-19 03:09:42,Morton Grove Railfanning with new Amtrak Alc-42 AMTK 300 leading Amtrak 7 to Seattle and Portland 1/5/22 @Metra‚Ä¶ https://t.co/puSyWCUrtn,0,Twitter for iPhone,
Billy P,1490733505285959681,"Plano, IL",2023-01-19 01:35:56,"@JayDizzyD Everyone says no! ü§£
What a crap ass deal to Seattle",0,Twitter for iPhone,
4superItalianbeefcheesybeefcombos üî¨üï≥üí£,143934726,Chicago,2023-01-19 01:15:03,G I feel like I‚Äôm in Seattle or sum shit https://t.co/ECE98tsO6E,1,Twitter for iPhone,
Antisocialmedia,1166974561,"Chicago, IL",2023-01-18 23:57:04,Downtown Seattle is ran down. Makes sense https://t.co/yPg7QzozkT,0,Twitter for iPhone,
Nathan Reeder,28124677,"Hammond, IN",2023-01-18 23:47:29,"@dpelletiere @urbaninstitute @atrueblood It is unfortunate that ""tenant advocates"" ignore science from the front li‚Ä¶ https://t.co/A2ovCBQYkT",0,Twitter for Android,
Lavonte Rogers,3160459838,"Chicago, IL",2023-01-18 23:40:10,@JayDizzyD Tf Seattle no doubt says no to this doubt it that Pete Carroll even picks the phone up üòÇüòÇüòÇ,0,Twitter for iPhone,
john hancock,577753258,"Chicago, IL",2023-01-18 23:30:04,"@JayDizzyD Definitely Seattle. Two 1sts, their best WR and a stud DB for Aaron Rodgers after geno had a solid year and a 90 year wr",0,Twitter for iPhone,
Josh Simons ‚öîÔ∏è,131657466,"Chicago, IL",2023-01-18 23:11:39,"The first time Taymoor and I ever got together at Mox in Seattle, we talked about the UA feedback process for nearl‚Ä¶ https://t.co/QhBUCmDree",8,Twitter Web App,
sg,209745235,"Chicago, IL",2023-01-18 23:08:33,@based_seattle He was far more courteous and gentlemanly than he needed to be.,0,Twitter for iPhone,
Brandon Anderson,30068064,"Aurora, IL",2023-01-18 22:51:56,"‚úÖ Seattle +1500 to make the playoffs

If you cashed Seattle Island üèù with a Lions victory, this shirt is a great wa‚Ä¶ https://t.co/wtz7yMUqMp",0,Twitter for iPhone,
@TerraTorment@mastodon.lol,913492522382524416,"Chicago, IL",2023-01-18 21:49:32,@tomtomorrow Seattle has even proposed forcing homeless people into designated areas and being really aggressive ab‚Ä¶ https://t.co/uUrjyhh1wM,0,Twitter for Android,
Brea Lombardi (RP Account),3007501934,"Aurora, Illinois",2023-01-18 20:22:17,#ripvanconner one of the most underappreciated bass players of that Seattle scene.,0,Twitter for Android,
Mark D. Parris,1381015530308571137,"Plano, IL",2023-01-18 19:31:42,"Van Conner, bassist and co-founder of Screaming Trees, dies at 55 ‚Äì KIRO 7 News Seattle https://t.co/OwxJScyDz8",0,Twitter for iPhone,
Tristan,1387808686945542146,"Chicago, IL",2023-01-18 19:20:57,@DeeksViewOG Fair. I would say that I like that strategy. But how high are you willing to draft jsn. Let‚Äôs say we t‚Ä¶ https://t.co/pj63Vz9OHu,0,Twitter for iPhone,
ZA,1958802624,"Chicago, IL",2023-01-18 19:00:01,"@stevemur Curious what your view is‚Ä¶ Is downtown Seattle struggling mainly because of remote work, or is it due to‚Ä¶ https://t.co/P080glkyoU",0,Twitter for iPhone,
sg,209745235,"Chicago, IL",2023-01-18 18:57:34,"@based_seattle @JBPritzker Meanwhile, this is what the state of Illinois puts out. 

https://t.co/LNRRXRkyRV",0,Twitter for iPhone,
BuffLlama,1027466473,"Chicago, IL",2023-01-18 18:12:26,Seattle https://t.co/GivBRUd23X,11,Twitter for iPhone,
Language Loop,204564086,Chicago,2023-01-18 18:00:01,"Just in time for the Lunar New Year, we're offering a special class for Chinese food lovers üòç 

More info:‚Ä¶ https://t.co/nyl1AWBFCz",0,Twitter Web App,
‚ôøÔ∏è,1030906631884664833,"Chicago, IL",2023-01-18 17:35:43,finish line in a mall in Seattle. üò≠ https://t.co/X8hnyBFCg4,1,Twitter for iPhone,
Jeff Bechthold,18990885,Woodridge ,2023-01-18 17:31:19,"Two interesting, side-by-side stories from a Jan., 1923, Seattle P-I sports section:
- Stanford football coach sugg‚Ä¶ https://t.co/QrcyaoqQLJ",0,Twitter Web App,
Karlo,1474894814,"Chicago, IL",2023-01-18 16:35:53,The idea of planning a trip to Seattle with 7/8 people sounds fun when drunk‚Ä¶ when sober? Not so much,0,Twitter for iPhone,
Senior Housing News,112555735,"Chicago, IL",2023-01-18 16:10:05,The University of Washington Men‚Äôs rowing team stunned the world by taking a gold medal at the Berlin Olympics in 1‚Ä¶ https://t.co/mDI32Wiptw,0,Sprout Social,
Chi_flag _Ó®Ä_‚ú∂ ‚ú∂ ‚ú∂ ‚ú∂_üá∫üá∏_üöæ,1216190405135536128,"Chicago, IL",2023-01-18 15:16:49,@Eric_Erins @chicagobars I lived in an apartment complex that looked like that when I was stationed out in the Seattle area.,0,Twitter for iPhone,
National Private Lending,1449082878139191301,Chicago IL,2023-01-18 14:44:29,Purchase or refinance a single rental property with National Private Lending Rental Property Loan‚Ä¶ https://t.co/mMlYMG8fCb,0,IFTTT,
L-Dub,633398815,Chicago,2023-01-18 14:27:21,TBH I would rather it be 10 degrees outside just as long as we get some damn sunshine. What is up with this Seattle‚Ä¶ https://t.co/vfBKXggLfB,0,Twitter for iPhone,
Zanah (Zay-Nuh) Thirus,3103533347,"Chicago, IL",2023-01-18 12:22:19,"City I dislike: Dallas
City I think is overrated: Los Angeles  
City I like: Seattle 
City I love: New Orleans
City‚Ä¶ https://t.co/ssRq2ZSQXF",0,Twitter for iPhone,
Joseph Herff,1141359439737491456,"Illinois, USA",2023-01-18 12:13:00,"Say the Bears trade back with a team like the Seattle Seahawks and have picks 5 and 20. With 5th overall, they take‚Ä¶ https://t.co/s7t4BRZjAj",2,Twitter for iPhone,
John O'K.....,1598524207557738499,Chicago,2023-01-18 09:10:45,"@Willow_st I support small government, and the power back to the states. We don't need a King. We left that. What w‚Ä¶ https://t.co/H6bDg3Xrxz",0,Twitter Web App,
OBVIOUS SHIRTS¬Æ,732644690386915329,"Chicago, IL",2023-01-18 07:16:47,@LegionHoops The Seattle Sonics.,0,Twitter for iPhone,
Gok,777733,"Chicago, IL",2023-01-18 05:31:54,"@KetuAlbrecht Seattle does this too, the grid goes out &gt;100km from the city center https://t.co/lK3kAih5kS",0,Twitter for iPhone,
Ben Pope,3873832839,"Chicago, IL",2023-01-18 03:57:57,"Heading to OT: Blackhawks 3, Sabres

Heck of a third-period battle by the Hawks, who rally from 3-1 down. Much, muc‚Ä¶ https://t.co/EuYuJUv4jB",0,TweetDeck,
Greg Boysen,196632772,"Harwood Heights, IL",2023-01-18 03:01:20,"Twice this period, Phillips has drove right to the net. That's how he scored against Seattle and the Blackhawks nee‚Ä¶ https://t.co/HypM5Q1Mz5",0,TweetDeck,
Slavko Bekovic,26075512,"Chicago, IL",2023-01-18 01:26:12,@The1Tab @JJStankevitz does Seattle even really want to draft a QB? Unless a QB stands out head and shoulders above‚Ä¶ https://t.co/2NfUHajD5E,0,TweetDeck,
America First Newswire‚Ñ¢,1559229178821709825,"Chicago, Illinois",2023-01-18 01:15:59,https://t.co/hRf0NTyWZC Homeless deaths skyrocket to record number in Seattle ‚Äî and more than half involve fentanyl‚Ä¶ https://t.co/CGXgX8225t,0,Feeder.co,
Michelle Rose,42050396,Chicago,2023-01-18 00:46:37,@BenmKeenan I'm going to move to Seattle just so we can binge this together.,0,Twitter for iPhone,
Martin Fleming,105487479,"Glen Ellyn, IL",2023-01-18 00:40:44,"Here‚Äôs a brief interview with Dave Ross of KIRO CBS Newsradio, Seattle, on the 2023 economic outlook, employment pr‚Ä¶ https://t.co/1qUWtQse3p",1,Twitter Web App,
Jordan Rundle,7335712,"Chicago, IL",2023-01-18 00:31:33,@deathbombarc Bought this LP after Gang Wizard rocked my world at Black Lodge in Seattle. They were playing alongsi‚Ä¶ https://t.co/69UCTk0Ed0,1,Twitter for iPhone,
Ash,163706321,Windy City,2023-01-18 00:27:47,"Thoughts #bears fans?? If only Seattle would give up Metcalf for real‚Ä¶ I mean, his dad was a bear for a long time. https://t.co/7qMv8io6AO",0,Twitter for iPhone,
Michael Aubin,1018910575,"Chicago, IL",2023-01-18 00:20:04,@bajoranlurker @ItsJakeYoung @AndyHermanNFL Agreed about the pressure. From Rodgers on down I can‚Äôt remember a real‚Ä¶ https://t.co/eNKkMeV8NS,0,Twitter for iPhone,
Gwendolyn Loyd,2775441565,"Lincolnwood, IL",2023-01-17 23:22:41,Vote for the Washington Sports Stars and Stories of 2022 ‚Äî Seattle Sports Commission Hey let‚Äôs vote for Jewell Loyd‚Ä¶ https://t.co/ZfS00mxRml,3,Twitter for iPhone,
Tony Rosado,302831243,"Chicago, IL",2023-01-17 23:00:40,FEMA fires group for nonsensical Alaska Native translations | The Seattle Times https://t.co/mIsHiUdaHu https://t.co/j7b1gVFsFm,0,Hootsuite Inc.,
Z3R0 One,789318382902386688,"Chicago, IL",2023-01-17 22:37:57,I'm still recovering from my trip to Seattle and not feeling too well today. I'm going to skip today as a result; see you Thursday!,0,Twitter for Android,
Rob Hart,18206878,Chicago,2023-01-17 22:13:32,@ScotBertram At least you got to see the fireworks.  I left a Saturday afternoon game against Seattle after Jenks b‚Ä¶ https://t.co/aqYok0f1PK,0,Twitter Web App,
CTBUH,69412213,"Chicago, IL",2023-01-17 21:59:55,"It's even LEED Gold targeted, for those who want to make an eco-friendly choice for their home. #NexusSeattle‚Ä¶ https://t.co/gUx5P9J1hu",0,Twitter Web App,
CTBUH,69412213,"Chicago, IL",2023-01-17 21:59:54,"On this #TallBuildingTuesday, check out, the Nexus building, the 33rd tallest building in Seattle, USA. At 134.6 m‚Ä¶ https://t.co/wieDaJpMeK",2,Twitter Web App,
ryan,1241955847955255296,"Chicago, IL",2023-01-17 21:34:17,@LegionHoops I personally think of the Seattle SuperSonics,0,Twitter for iPhone,
Antisocialmedia,1166974561,"Chicago, IL",2023-01-17 21:22:53,Seattle about to be even more ran down,0,Twitter for iPhone,
nathan fellows,2654154372,"Chicago, IL",2023-01-17 21:13:31,First thing that comes to mind is the NBA team that used to play in Seattle https://t.co/EiHAFra3oe,0,Twitter for iPhone,
Edward C. Stengel,861288382248488966,"Chicago, Illinois",2023-01-17 20:58:29,The Seattle homeless problem is driving the business owners crazy. They have to station people by the door to lock‚Ä¶ https://t.co/Dk19WIyJ3b,0,Twitter Web App,
Chalkbeat Chicago,951569031500312578,"Chicago, IL",2023-01-17 20:18:41,"As school districts sue social media companies, experts are divided on what comes next https://t.co/nqzDFmlmxV",0,Echobox,
Marco Enriquez,1306595919413088257,Chicago,2023-01-17 20:13:43,@bengalsordie @DynastyNerds It‚Äôs possible but man I would love to see Stroud in Seattle,0,Twitter for iPhone,
Junior,1598619631589236736,"Chicago, IL",2023-01-17 19:54:25,@KirkHerbstreit In regards to the Rt you rt‚Äôed and as a 49er fan I just wanna say it wasn‚Äôt Brock Purdy that held S‚Ä¶ https://t.co/6zj5wDeTrY,0,Twitter for iPhone,
jermaine jones,25085182,Chicago,2023-01-17 19:49:56,@Kyle_Noronha been to Vancouver what a beautiful Canadian Seattle. How could your boy take a dig at it? üá®üá¶ lol,0,Twitter for iPhone,
·¥° ú…™Íú∞Íú∞·¥ç·¥Ä…¢…™·¥Ñ…™·¥Ä…¥ „ÉÉ,1143255299542925317,Chicago,2023-01-17 19:36:04,"@atheist2008 @ryandube_ @fietsprofessor @ParkThatBike If by ""middle of nowhere"" you mean most of the US besides the‚Ä¶ https://t.co/4R21n9bDFw",0,Twitter for Android,
Unknown,2994538900,United States,2023-01-17 19:05:56,"@jakepimental99 Explain that to Kenosha, Minneapolis, Seattle, and Portland.",0,Twitter for iPhone,
Side Money Sports Betting,542942524,"Chicago, IL",2023-01-17 18:59:05,"-Winnipeg in reg. 
-Minnesota ML
-Seattle +1.5
-Buff Chi u7 
#SPORTSWAGERS https://t.co/aNSRQw1rzt",0,Twitter for Android,
Language Loop,204564086,Chicago,2023-01-17 18:00:00,"Need to improve your German speaking skills? Enroll today. It's also online! 

More info: https://t.co/okynseneJF‚Ä¶ https://t.co/5z0jqKTSAd",0,Twitter Web App,
dag,97009441,chicago,2023-01-17 17:29:55,@petegaines a lot of folks moved to work remote in seattle wasn't expensive enough here for them,0,Twitter Web App,
Industrial Workers of the World,210619467,Chicago,2023-01-17 16:38:14,"The Seattle Worker is the bimonthly newsletter of the Seattle IWW. Check out their January Issue here:

https://t.co/Qxeqvuefdb",7,Twitter Web App,
ÿ≤ŸäÿØ ŸÅŸàÿ≤Ÿä | Zaid Fouzi,1202793092,"Chicago, IL",2023-01-17 16:29:06,I love you. But 7th grade me will never forgive you for signing with Seattle MONTHS after I saved up to buy your be‚Ä¶ https://t.co/HUpkBpVjLx,0,Twitter for iPhone,
ViewFromTheNorthCoast,1513186510853615622,"Chicago, IL",2023-01-17 16:02:12,"@royalpratt Progressive politics destroyed San Fran, Seattle.  Hopefully Chicagoans see though this paid union hack‚Ä¶ https://t.co/bqVa7A4yIE",0,Twitter for iPhone,
ViewFromTheNorthCoast,1513186510853615622,"Chicago, IL",2023-01-17 15:46:39,"@rcovs1201 What appeals to you about this?  Progressive politics destroyed Seattle and San Fran, why do you want to‚Ä¶ https://t.co/UkP2i9cgFx",0,Twitter for iPhone,
too optimistic,894931909716975616,"Chicago, IL",2023-01-17 15:32:18,@PurdyBalls @Henry7teen You‚Äôre comparing Seattle to our defense lol,0,Twitter for iPhone,
iB_ViBenn,472517421,"kenosha, wi",2023-01-17 15:27:52,@aj_perez31 Division games are tough regardless so I agree and disagree at the same time because I know the command‚Ä¶ https://t.co/08sl7RFcDX,0,Twitter for iPhone,
Rebecca Makkai,193477066,Chicago ,2023-01-17 15:22:41,"I have a novel out five weeks from today. Things on my mind, in no particular order:
1) Is there a time machine ava‚Ä¶ https://t.co/VNMGwA7oz8",2,Twitter Web App,
Haleyüç´,3296105917,Chiüìç,2023-01-17 14:56:28,My only real friend I made in college  moving to Seattle today to start her big girl life. Very bittersweet. Imma m‚Ä¶ https://t.co/UnrTk7U2ra,0,Twitter for iPhone,
National Private Lending,1449082878139191301,Chicago IL,2023-01-17 14:44:14,Purchase or refinance a single rental property with National Private Lending Rental Property Loan‚Ä¶ https://t.co/7wuVKgD8YB,0,IFTTT,
Ben Pope,3873832839,"Chicago, IL",2023-01-17 14:25:30,"The Blackhawks begin the second half of their season tonight against Buffalo.

Luke Richardson hopes lingering ange‚Ä¶ https://t.co/8FF7J1vMcb",2,TweetDeck,
Greg H,1476183669823971329,"Chicago, IL",2023-01-17 14:04:16,"@aggyp @Berg16759979 @Mollyploofkins Throw in Montana, Wyoming and Alaska. There are large cities/metro areas that‚Ä¶ https://t.co/T5kvkGwgP8",1,Twitter for iPhone,
PaperRouteFranküê¨üíôüèÅ,296964459,"Roseville, MI",2023-01-17 13:53:44,"February Cruise to Bahamas 
April Trip to Houston 
May Trip to Seattle
July Taste fest Weekend 
July another trip t‚Ä¶ https://t.co/Uf0oNPoRA1",1,Twitter for iPhone,
J,49331384,Chicago,2023-01-17 13:37:34,@jacobsports12 If Seattle was able to get Anderson and Carter it‚Äôd be a fucking miracle. But I am here for it üôèüèº,0,Twitter for iPhone,
Michael Loris,1307107150553124869,"Berwyn, IL",2023-01-17 12:41:53,@chris_brown1 @nflrums You think he‚Äôs finishing off his career in Seattle? üòÇ he‚Äôs going to California or Florida ob‚Ä¶ https://t.co/gm1zMF6VyK,0,Twitter for iPhone,
OGx3,52865378,"Kenosha, WI",2023-01-17 08:29:43,Scum makes downtown Seattle look like total sh*t. Enabled drug addicts litter the street smoking Fentanyl in plan s‚Ä¶ https://t.co/ftHqh1LOh3,0,Twitter for Android,
Rope. Shovel. Hole.,2831473664,Chi-City,2023-01-17 07:57:59,Best receivers ever played for Seattle. https://t.co/eXJrypgFKr,0,Twitter for Android,
Just Davora üñ§,874393104,"Chicago, IL",2023-01-17 05:21:36,I can‚Äôt wait to move to Seattle ‚ù§Ô∏è,0,Twitter for iPhone,
ChiTownSidB,16240608,"Chicago, IL",2023-01-17 05:06:47,@Nash_SG @JNay_LSS So here's what the Seattle game proved.  Dallas will have to play a PERFECT game to win.  49ers‚Ä¶ https://t.co/z2hcALqGs6,0,Twitter Web App,
‚å®Ô∏è ezgi-tronicc üíæ,49505699,"Seattle, WA",2023-01-17 04:40:40,"I can't wait to be HOME in SEATTLE...

dreading packing up the car for this road trip tho

need some good vibes something!",0,Twitter for iPhone,
Chris Quigg,182227772,"Batavia, Illinois USA",2023-01-17 04:27:15,Chicken-fried oysters with caviar at Boat Bar in Seattle. Waxahachie had nothing like this! #Supercollider https://t.co/9sOlwrSNgT,1,Twitter for iPhone,
Franchise,1165370691224580097,Chicago IL,2023-01-17 04:11:45,@Morris6365 @mspears96 Niners were a few goofy plays from losing against Seattle. They not that invincible,0,Twitter for iPhone,
BICYCLE MENACE,1019116318782566401,"Chicago, IL",2023-01-17 03:35:52,@JasperUrsus Seattle or (if i could afford it) NYC. I‚Äôd stay away from almost anywhere in the Sun Belt,0,Twitter for iPhone,
Charlie üÖ±Ô∏èüóØ,146159450,"Libertyville, IL",2023-01-17 03:15:04,@mittmullins Look at his defense in Seattle lol straight üóëÔ∏è,0,Twitter for iPhone,
Charlie üÖ±Ô∏èüóØ,146159450,"Libertyville, IL",2023-01-17 03:06:11,@NickPedone12 And a bottom tier defense in Seattle. Why go from crap to crappier? Bad hire if it happens #browns,0,Twitter for iPhone,
Quantopix (Parody),2905580571,"Chicago, IL",2023-01-17 02:39:02,I have insider information that @ImExtolant will be playing a live show in Seattle in mid March,4,Twitter Web App,
Quantopix (Parody),2905580571,"Chicago, IL",2023-01-17 02:34:55,@mizdmt thanks me and @TerraBytes_ romped around Seattle today it was rad ‚ò∫Ô∏è Hope yours was too!,0,Twitter Web App,
ChiTownSidB,16240608,"Chicago, IL",2023-01-17 02:32:06,@WhatMoseKnows @coach_cruz Let‚Äôs be real: Seattle looked better than BOTH teams tonightS,0,Twitter for iPhone,
Synthwolf,773232014,Chicago,2023-01-17 01:40:43,"I feel like Google Maps should default to showing walking, cycling, or transit directions before driving, if you're‚Ä¶ https://t.co/MEIJ8PTgoA",0,Twitter for Android,
(D)evilawakens,2937621531,"Bloomingdale, IL",2023-01-17 01:20:11,"@Ta_Lon Have you been to Chicago, Detroit , Portland, Seattle, Frisco, lately?",0,Twitter for iPhone,
üåå Bazoomi üåå (Razumi@queer.party) üíôüá∫üá¶üíõüîúAD,2400188774,Windy City,2023-01-17 00:19:40,Hello seattle,0,Twitter for Android,
BuffLlama,1027466473,"Chicago, IL",2023-01-17 00:11:29,"Sucks the teams that have multiple 1sts are in odd spots where it's not likely to happen.

Houston probably isn't t‚Ä¶ https://t.co/SiXZ67bgZm",0,Twitter Web App,
Mommy Stella,793610981712728064,Chicago,2023-01-17 00:07:57,Is it just me or do a ton of trans babes live in/around seattle?,0,Twitter Web App,
shaina,2602788254,"Chicago, IL",2023-01-16 23:28:01,getting lost around seattle is rlly fun,0,Twitter for iPhone,
Talkin‚Äô Hawkey,773926456695066624,"Chicago, IL",2023-01-16 22:35:09,"üö®@LO_Blackhawks 01/16/23üö®

‚ö´Ô∏èReichel sent back to Rockford despite impressive 3-game NHL stint
‚ö´Ô∏èKane returns to th‚Ä¶ https://t.co/gCBYnzyn2O",2,Twitter for iPhone,
Jesse S Sonheim,1078052039832276992,"Chicago, Illinois",2023-01-16 22:33:45,@ErikLambert1 Me neither I'd love if we got 2 and 12 from Houston plus there 2nd rounder then trade with Seattle 2 for 5 and 2 2nd rounders.,0,Twitter for Android,
Hollywood James,254745064,"Chicago, IL",2023-01-16 22:19:42,After that she wanted to keep in touch of course cuz I just laid it down so last year her dad died in Seattle so it‚Ä¶ https://t.co/wDJDTNe2eK,0,Twitter for Android,
Hollywood James,254745064,"Chicago, IL",2023-01-16 22:13:57,I shoot my shot at the receptionist bitch she go for it she like let's link on her break n we do we talk I tell her‚Ä¶ https://t.co/3cv2SPF0nP,0,Twitter for Android,
Jack Nimesheim,715350576255672320,"Northfield, IL",2023-01-16 22:01:55,‚ÄúSeattle‚Äù and the name of the city‚Äôs professional football team both start with the same three letters,0,Twitter for iPhone,
Wilder Newyear,187744545,"Waukegan, IL",2023-01-16 20:21:23,"@powrdragn The closest you might get is Lesnar breaking the streak, but I'll be damned if you can top Seattle's hatred of the Thunder.",0,Twitter for Android,
J. Samuels,1292335777507151872,"Chicago, IL",2023-01-16 20:21:08,"Ok, but hear me out. She used a Crane (i.e. Seattle) instead of üóΩor üåáüåÜüèôüåÉ
all of which could be used for cities. 

B‚Ä¶ https://t.co/YqsZCcMPIZ",0,Twitter for Android,
Real Santa,3022870340,Chicago ,2023-01-16 20:19:56,"@based_seattle The scary thing is that these alarmists het truly excited every time someone visible gets COVID, as‚Ä¶ https://t.co/F1gH5G9xEy",0,Twitter for iPhone,
J. Samuels,1292335777507151872,"Chicago, IL",2023-01-16 20:12:58,"Nah, she's staying in Seattle.",0,Twitter for Android,
Brandon Velaski,107342664,"Chicago, IL",2023-01-16 19:58:26,"If the Vikings had an average defense this season, they‚Äôd have beaten Seattle by 10+ because they‚Äôd also would‚Äôve b‚Ä¶ https://t.co/cWdbYIVbk5",0,Twitter for iPhone,
J. Samuels,1292335777507151872,"Chicago, IL",2023-01-16 19:43:55,@TheSkyShowCHI The boxes have the Seattle skyline inside them,0,Twitter for Android,
comeback jack,1173623598,"Chicago, IL",2023-01-16 19:08:22,"@1929stockcrash i‚Äôd say seattle, miami, or vegas just cause car rental has gotten so fucking expensive. chicagos th‚Ä¶ https://t.co/wO8jjbZJlF",0,Twitter for iPhone,
Ben Pope,3873832839,"Chicago, IL",2023-01-16 19:03:00,"Richardson: ""This morning I just said, 'You know what? We're not showing video [from the Seattle game]. We know tha‚Ä¶ https://t.co/xLyviUbowt",0,TweetDeck,
Talkin‚Äô Hawkey,773926456695066624,"Chicago, IL",2023-01-16 18:51:27,"üö®NEW EPISODE 01.16.23üö®

‚ö´Ô∏è#Blackhawks winning streak snapped in 8-5 loss to Seattle
‚ö´Ô∏èReichel reassigned to Rockfor‚Ä¶ https://t.co/TZmZJqXYEX",3,Twitter for iPhone,
Shawn Foss,174050012,"Chicago, IL",2023-01-16 18:23:48,@timkawakami Sounds like Seattle will be praying 3 QBs get drafted ahead of them so they can draft Jalen Carter or Will Anderson,0,Twitter Web App,
Shawn Foss,174050012,"Chicago, IL",2023-01-16 18:23:48,@timkawakami Sounds like Seattle will be praying 3 QBs get drafted ahead of them so they can draft Jalen Carter or Will Anderson,0,Twitter Web App,
Mark Gonzales,22978329,"Chicago, IL",2023-01-16 18:20:17,"From @betonline_ag Odds to Win the 2023 American League

Houston Astros

+275

(11/4)

New York Yankees

+325

(13/‚Ä¶ https://t.co/mTyp0KrJop",0,Twitter Web App,
Charlie Roumeliotis,210138371,"Chicago, Illinois",2023-01-16 18:14:48,Luke Richardson said he didn‚Äôt show the team any videos today from the 8-5 loss to Seattle: ‚ÄúLet‚Äôs just leave it at‚Ä¶ https://t.co/1IF6IW4EUn,5,Twitter for iPhone,
steve moore,273648693,"JOLIET,ILLINOIS",2023-01-16 18:05:30,"@GBraggsJr23 stroud is coming out we can go for the triple, maybe seattle wants to move up 1 so nobody swoops in an‚Ä¶ https://t.co/d1FYomUtme",0,Twitter Web App,
DecXD üíôüíö,1536770791903313928,"Chicago, IL",2023-01-16 18:00:55,My free agent LB pick for the Seattle Seahawks: Bobby Okereke and Alex Singleton. I dont feel I have to justify the‚Ä¶ https://t.co/vw57vTPfve,0,Twitter for iPhone,
Language Loop,204564086,Chicago,2023-01-16 18:00:30,"Spice up your life with a Spanish class. Join our Spanish for spicy food lovers! 

More info:‚Ä¶ https://t.co/QfyV5X1rAr",0,Twitter Web App,
DecXD üíôüíö,1536770791903313928,"Chicago, IL",2023-01-16 17:56:20,"@hawkblogger ALEX SINGLETON, YOU ARE A SEATTLE SEAHAWK",0,Twitter for iPhone,
steve moore,273648693,"JOLIET,ILLINOIS",2023-01-16 17:56:00,"@Scar179ny stroud is coming out we can go for the triple, maybe seattle wants to move up 1 so nobody swoops in and‚Ä¶ https://t.co/kd6jtiouGQ",0,Twitter Web App,
Frank Guzman,1587335844,"Geneva, IL",2023-01-16 17:51:25,@JackHammer_NFL Bosa had 0 recorded QB pressures against Seattle. Did Seattle figure out a way to limit Bosa and ca‚Ä¶ https://t.co/Ke9TWbMlsQ,0,Twitter for iPhone,
steve moore,273648693,"JOLIET,ILLINOIS",2023-01-16 17:48:14,"@DeeksViewOG stroud is coming out we can go for the triple, maybe seattle wants to move up 1 so nobody swoops in an‚Ä¶ https://t.co/YdsCFRkQNb",0,Twitter Web App,
steve moore,273648693,"JOLIET,ILLINOIS",2023-01-16 17:46:16,"@CanningChuck @Chicago_NFL @thekapman stroud is coming out we can go for the triple, maybe seattle wants to move up‚Ä¶ https://t.co/JahJOIVZ0p",0,Twitter Web App,
steve moore,273648693,"JOLIET,ILLINOIS",2023-01-16 17:31:22,@jacobinfante24 then who knows once were at 4 seattle might wanna move up 1 to take  levis or stroud depending on w‚Ä¶ https://t.co/kiJAkZwOMz,0,Twitter Web App,
Dino K,281555588,"Chicago, IL",2023-01-16 17:18:28,"EARLY NHL

2 Big Plays and 2 Longshots

40* TB -130

Seattle fist game back home after a 7-0 road trip.  Suppose to‚Ä¶ https://t.co/QqzEKyiJoG",0,Twitter Web App,
Charlie Roumeliotis,210138371,"Chicago, Illinois",2023-01-16 17:02:53,#Blackhawks are on the ice for what‚Äôs expected to be a ‚Äúfull bore‚Äù practice after an ugly 8-5 loss to Seattle on Sa‚Ä¶ https://t.co/VshMSSO7nq,4,Twitter for iPhone,
earlthepearl,1130663454677897217,Central Illinois,2023-01-16 16:57:07,@CHGO_Sports Seattle won the NFC West at 7-9 that year with a -97 point differential,0,Twitter for iPhone,
JAY ü§òüèΩ,439003532,CHICAGO,2023-01-16 16:36:39,@Chicago_NFL Seattle moves up 4 spots I think you might be able to get a lil more back in your hull. Otherwise I lo‚Ä¶ https://t.co/JYCSiPaJhv,0,Twitter for iPhone,
Seattle Sutton,19422419,"Chicago, IL",2023-01-16 16:15:02,"üçΩ Seattle Sutton meal plans include breakfast, lunch, and dinner ‚Äì including our Chicken Paprikash ‚Äì can help you l‚Ä¶ https://t.co/FlKejXPQS6",0,Loomly,
theycallmecas,67414463,Chicago.,2023-01-16 16:10:53,So where is lamar playing next year? Chicago? Atlanta? Seattle? https://t.co/RUiJyHcSFU,0,Twitter Web App,
National Private Lending,1449082878139191301,Chicago IL,2023-01-16 14:44:16,Purchase or refinance a single rental property with National Private Lending Rental Property Loan‚Ä¶ https://t.co/g7T8Q6vo5r,0,IFTTT,
Tam_ZEN‚Å∑ üíúforever bangtan,1303166247471898625,Chicago,2023-01-16 14:34:32,@GoldenKoo0116 I wondered at TXT tour line up. I first saw Duluth and thought Minnesota?! It makes more sense they‚Ä¶ https://t.co/aNOcNhJ5xG,0,Twitter for iPhone,
Ted Kim,14282344,"Chicago, IL",2023-01-16 11:44:06,@adamleerussell @MatthewMidthun Once when we were in Seattle my family went to eat at a BBQ restaurant and I left t‚Ä¶ https://t.co/cRATQHxflg,0,Twitter for iPhone,
Synthwolf,773232014,Chicago,2023-01-16 07:37:04,"and there's a Dick's there, which has no relation at all to the chain in Seattle?  Man, Spokane is weird https://t.co/JfZZA0dL4F",0,Twitter Web App,
Pro Rush-In,771702275093979136,"Chicago, IL",2023-01-16 06:49:32,@Asp3ctttt @tize4PF I'm thinking Maine or Seattle..what y'all think?,0,Twitter for Android,
Tony B üá∫üá∏üá∫üá∏üá∫üá∏,1100654704240066561,"Chicago, IL",2023-01-16 05:21:50,"@B_Willijax Or 
RB- Tony Pollard
WR1- DK from Seattle",0,Twitter for iPhone,
The GOAT House,1134792055,"Chicago, IL",2023-01-16 04:40:32,"Current NFL Draft Order

If the Bucs win, Seattle-Baltimore move up a spot, Dallas would be 23rd. https://t.co/KFake9nwrw",4,Twitter for iPhone,
"Shana Orczyk Sissel ""Queen of Alternatives""",86409319,"Chicago, IL",2023-01-16 04:36:05,"@SmokinPowell If you're not a city person sure, but I actually do think this about NYC &amp; I liked living in Seattle‚Ä¶ https://t.co/iEs6lwbQOt",0,Twitter for iPhone,
James I Kaplan,4839439336,,2023-01-16 04:35:01,@ezlazar Even the Niners‚Äô game was 17-16 Seattle at the half.,0,Twitter for iPhone,
Michael Carbone,220229087,"Oak Park, IL",2023-01-16 04:34:10,@SagED_UP Seattle. Never been there. The crime and gun violence is getting worse,0,Twitter for Android,
Selena,2801019065,"Chicago, IL",2023-01-16 03:36:56,"These NFL playoff games have been fantastic!!!

Except the Seattle game, wish it was the Lions instead üòÇ",0,Twitter for iPhone,
EverSong,1601754507838476291,"Chicago, IL",2023-01-16 03:11:13,"@SagED_UP Seattle for the sports and coffee. 

Chicago for the food and architecture.",0,Twitter for iPhone,
Xanthos,1469269926514987010,"Riverdale, IL",2023-01-16 02:09:43,@YeeNJ49ersFan I was thinking back when they was in that playoff game vs Seattle. When he came back and was wearing‚Ä¶ https://t.co/N4eyq3EOY7,0,Twitter for iPhone,
Joe Lutz,1054746810340777989,"Chicago, IL",2023-01-16 01:56:02,HOW TF DOES SEATTLE LOSE THAT SERIES MAN?!?! https://t.co/0tfvwBKSjr,0,Twitter Web App,
Travel Hub 365,3471482415,"Chicago, IL",2023-01-16 01:55:02,"Lotte Hotel Seattle quickly took its place among the city‚Äôs premier hotels, becoming the only West Coast hotel name‚Ä¶ https://t.co/mphwt5oezd",0,Buffer,
MyTransit Chicago,862892425227927554,"Chicago, IL",2023-01-16 01:19:24,Man dies after falling onto electrified rail at station in Chicago - KIRO Seattle https://t.co/bUMUV05QMj #Chicago‚Ä¶ https://t.co/OVjIxHFqgq,0,IFTTT,
Kathy,31051286,Chicago,2023-01-16 01:05:44,"@mmsees I am a flatlander and I cannot get my bearings in Seattle (where T is from) because, as I like to tell him,‚Ä¶ https://t.co/TIyEr9UBo8",0,Twitter for iPhone,
Ryan Jensen,164955448,Chicago,2023-01-16 00:57:28,@martymush @rone @TomScibelli @TheClemReport @DoubleVodkaDon 49ers had a real tough time with Seattle‚Ä¶,0,Twitter for iPhone,
